Source URL,Target URL,Status,Include subdomains,Subpath matching,Preserve query string
https://www.shalomworship.com/song/dhanyawad-ke-saath-676ee13aa5e92f8809b16aef,https://www.shalomworship.com/song/dhanyawad-ke-saath-sheldon-bangera-676ee13aa5e92f8809b16aef,301,false,false,true
https://www.shalomworship.com/song/maa-ke-samaan-6770d66257632a78f32e38cb,https://www.shalomworship.com/song/maa-ke-samaan-bridge-music-6770d66257632a78f32e38cb,301,false,false,true
https://www.shalomworship.com/song/tu-mera-bal-6777b55cb50ef55a40826e2b,https://www.shalomworship.com/song/tu-mera-bal-fgag-worship-6777b55cb50ef55a40826e2b,301,false,false,true
https://www.shalomworship.com/song/vedi-the-altar-6778c987b965402bde099696,https://www.shalomworship.com/song/vedi-the-altar-red-sea-films-6778c987b965402bde099696,301,false,false,true
https://www.shalomworship.com/song/praise-6778cedcb965402bde0996e5,https://www.shalomworship.com/song/praise-elevation-worship-6778cedcb965402bde0996e5,301,false,false,true
https://www.shalomworship.com/song/khushiyan-manao-6778d2e8b965402bde099722,https://www.shalomworship.com/song/khushiyan-manao-folj-or-ankit-sajwan-ministries-6778d2e8b965402bde099722,301,false,false,true
https://www.shalomworship.com/song/it's-always-been-you-6778d4f2b965402bde09974c,https://www.shalomworship.com/song/its-always-been-you-phil-wickham-6778d4f2b965402bde09974c,301,false,false,true
https://www.shalomworship.com/song/no-longer-slaves-6778d628b965402bde099767,https://www.shalomworship.com/song/no-longer-slaves-bethel-music-6778d628b965402bde099767,301,false,false,true
https://www.shalomworship.com/song/who-else-677d0b3767f40ebb0045c8e5,https://www.shalomworship.com/song/who-else-gateway-worship-677d0b3767f40ebb0045c8e5,301,false,false,true
https://www.shalomworship.com/song/shaktishaali-677d2937a98bd826386d9c60,https://www.shalomworship.com/song/shaktishaali-nations-of-worship-677d2937a98bd826386d9c60,301,false,false,true
https://www.shalomworship.com/song/rehta-tere-pyaar-mein-677d6755a98bd826386d9cd5,https://www.shalomworship.com/song/rehta-tere-pyaar-mein-live-jam-677d6755a98bd826386d9cd5,301,false,false,true
https://www.shalomworship.com/song/wafadar-677e7382d30260ca3e36584a,https://www.shalomworship.com/song/wafadar-bridge-music-677e7382d30260ca3e36584a,301,false,false,true
https://www.shalomworship.com/song/aadi-aur-anth-677e7931d30260ca3e365887,https://www.shalomworship.com/song/aadi-aur-anth-bridge-music-677e7931d30260ca3e365887,301,false,false,true
https://www.shalomworship.com/song/huzuri-677fc9d96640d26dcbad659e,https://www.shalomworship.com/song/huzuri-nations-of-worship-677fc9d96640d26dcbad659e,301,false,false,true
https://www.shalomworship.com/song/rogo-se-changai-677fe286805eb0cf55b837a1,https://www.shalomworship.com/song/rogo-se-changai-filadelfia-music-677fe286805eb0cf55b837a1,301,false,false,true
https://www.shalomworship.com/song/hazaaron-zubane-6781d8077aa9d89306781cc7,https://www.shalomworship.com/song/hazaaron-zubane-nations-of-worship-6781d8077aa9d89306781cc7,301,false,false,true
https://www.shalomworship.com/song/prarthana-kare-6783e740a759cd40936bf1e6,https://www.shalomworship.com/song/prarthana-kare-amit-kamble-6783e740a759cd40936bf1e6,301,false,false,true
https://www.shalomworship.com/song/dost-hai-tu-mera-6783f020a759cd40936bf20a,https://www.shalomworship.com/song/dost-hai-tu-mera-amit-kamble-6783f020a759cd40936bf20a,301,false,false,true
https://www.shalomworship.com/song/gaaoon-hallelujah-6783f5b2a759cd40936bf229,https://www.shalomworship.com/song/gaaoon-hallelujah-nations-of-worship-6783f5b2a759cd40936bf229,301,false,false,true
https://www.shalomworship.com/song/mera-jeevan-6783fe0ea759cd40936bf29a,https://www.shalomworship.com/song/mera-jeevan-red-sea-films-6783fe0ea759cd40936bf29a,301,false,false,true
https://www.shalomworship.com/song/tera-pyaar-67850879db79640f312960a6,https://www.shalomworship.com/song/tera-pyaar-bridge-music-67850879db79640f312960a6,301,false,false,true
https://www.shalomworship.com/song/kaun-hai-6789e1792a1507be50d92a6e,https://www.shalomworship.com/song/kaun-hai-jaago-music-6789e1792a1507be50d92a6e,301,false,false,true
https://www.shalomworship.com/song/tere-bin-main-kuchh-bhi-nahin-6789f03d2a1507be50d92ad5,https://www.shalomworship.com/song/tere-bin-main-kuchh-bhi-nahin-glory-to-god-india-6789f03d2a1507be50d92ad5,301,false,false,true
https://www.shalomworship.com/song/charno-mein-tere-6789fc0f2a1507be50d92af4,https://www.shalomworship.com/song/charno-mein-tere-amit-kamble-6789fc0f2a1507be50d92af4,301,false,false,true
https://www.shalomworship.com/song/aisa-mujhko-bana-678a16a6fd0f75781ee4fa01,https://www.shalomworship.com/song/aisa-mujhko-bana-ashish-charan-678a16a6fd0f75781ee4fa01,301,false,false,true
https://www.shalomworship.com/song/anand-ki-bharpuri-678a2417fd0f75781ee4fa9f,https://www.shalomworship.com/song/anand-ki-bharpuri-sheldon-bangera-678a2417fd0f75781ee4fa9f,301,false,false,true
https://www.shalomworship.com/song/pehchan-ankit-sajwan-ministries-678b813a9e9f912cbc76257c,https://www.shalomworship.com/song/pehchan-folj-or-ankit-sajwan-ministries-678b813a9e9f912cbc76257c,301,false,false,true
https://www.shalomworship.com/song/reckless-love-679b0f273964c5f37dd664a7,https://www.shalomworship.com/song/reckless-love-bethel-music-679b0f273964c5f37dd664a7,301,false,false,true
https://www.shalomworship.com/song/yeshu-ne-67b2cb3b02ad74f246d1794b,https://www.shalomworship.com/song/yeshu-ne-nations-of-worship-67b2cb3b02ad74f246d1794b,301,false,false,true
https://www.shalomworship.com/song/hazir-unplugged-686ea48b5fe43458b67f5680,https://www.shalomworship.com/song/haazir-unplugged-bridge-music-686ea48b5fe43458b67f5680,301,false,false,true
https://www.shalomworship.com/song/gajar-kara-68712b3a43a0af1dbf04945d,https://www.shalomworship.com/song/gajar-kara-20-sheldon-bangera-68712b3a43a0af1dbf04945d,301,false,false,true
https://www.shalomworship.com/song/yah-uthaya-jaaye-6872930b68c3f6aa22096833,https://www.shalomworship.com/song/yah-uthaya-jaaye-jaago-music-6872930b68c3f6aa22096833,301,false,false,true
https://www.shalomworship.com/song/vandana-folj-ankit-sajwan-ministries-68730b99267962ca7256fd8f,https://www.shalomworship.com/song/vandana-folj-or-ankit-sajwan-ministries-68730b99267962ca7256fd8f,301,false,false,true
https://www.shalomworship.com/song/jhoom-6876a2d750da5662f55a678d,https://www.shalomworship.com/song/jhoom-nations-of-worship-6876a2d750da5662f55a678d,301,false,false,true
https://www.shalomworship.com/song/bepanah-6877db6bc2e0826a7c940aba,https://www.shalomworship.com/song/bepanah-red-sea-films-6877db6bc2e0826a7c940aba,301,false,false,true
https://www.shalomworship.com/song/tujhse-pyaar-hai-687933e09ea6d1f40ee57c1a,https://www.shalomworship.com/song/tujhse-pyaar-hai-reenukumar-687933e09ea6d1f40ee57c1a,301,false,false,true
https://www.shalomworship.com/song/teri-daya-6888db6e89b30571380eb88f,https://www.shalomworship.com/song/teri-daya-folj-or-ankit-sajwan-ministries-6888db6e89b30571380eb88f,301,false,false,true
https://www.shalomworship.com/song/hamla-bol-688a6638043047aacbae40e2,https://www.shalomworship.com/song/hamla-bol-sheldon-bangera-688a6638043047aacbae40e2,301,false,false,true
https://www.shalomworship.com/song/bharosa-688a6bb4043047aacbae40fe,https://www.shalomworship.com/song/bharosa-reenukumar-688a6bb4043047aacbae40fe,301,false,false,true
https://www.shalomworship.com/song/khoya-rahunga-688baa575f4e0ccc84538ec4,https://www.shalomworship.com/song/khoya-rahunga-folj-or-ankit-sajwan-ministries-688baa575f4e0ccc84538ec4,301,false,false,true
https://www.shalomworship.com/song/yeshu-tere-anugrah-se-68924a03b445466d0b044dd1,https://www.shalomworship.com/song/yeshu-tere-anugrah-se-one-tribe-production-68924a03b445466d0b044dd1,301,false,false,true
https://www.shalomworship.com/song/anand-di-bharpoori-68937ab3ba495da24bd02c2f,https://www.shalomworship.com/song/anand-di-bharpoori-jaago-music-68937ab3ba495da24bd02c2f,301,false,false,true
https://www.shalomworship.com/song/desh-68982adb7e6295403882d0d3,https://www.shalomworship.com/song/desh-bridge-music-68982adb7e6295403882d0d3,301,false,false,true
https://www.shalomworship.com/song/sang-tere-68985efe7e6295403882d116,https://www.shalomworship.com/song/sang-tere-red-sea-films-68985efe7e6295403882d116,301,false,false,true
https://www.shalomworship.com/song/elshaddai-689cd54bd05617fc26d7406f,https://www.shalomworship.com/song/elshaddai-benny-joshua-ministries-689cd54bd05617fc26d7406f,301,false,false,true
https://www.shalomworship.com/song/haq-tala-689f3422debbb81d1d0908e1,https://www.shalomworship.com/song/haq-tala-glory-to-god-india-689f3422debbb81d1d0908e1,301,false,false,true
https://www.shalomworship.com/song/yahweh-68a0cb3601be06ac6c6018d6,https://www.shalomworship.com/song/yahweh-filadelfia-music-68a0cb3601be06ac6c6018d6,301,false,false,true
https://www.shalomworship.com/song/rooh-e-khuda-68a617248c33be2011ef51c0,https://www.shalomworship.com/song/rooh-e-khuda-red-sea-films-68a617248c33be2011ef51c0,301,false,false,true
https://www.shalomworship.com/song/nayi-baat-68ab41acea9b90f25706dda7,https://www.shalomworship.com/song/nayi-baat-bridge-music-68ab41acea9b90f25706dda7,301,false,false,true
https://www.shalomworship.com/song/tu-aaja-re-68b5bf865ef012a5bc447b09,https://www.shalomworship.com/song/tu-aaja-re-jaago-music-68b5bf865ef012a5bc447b09,301,false,false,true
https://www.shalomworship.com/song/jai-jai-naam-68b5ce8a5ef012a5bc447b4e,https://www.shalomworship.com/song/jai-jai-naam-sheldon-bangera-68b5ce8a5ef012a5bc447b4e,301,false,false,true
https://www.shalomworship.com/song/neer-enna-marakala-68b7389c11b570af5b3f5b3a,https://www.shalomworship.com/song/neer-enna-marakala-benny-joshua-ministries-68b7389c11b570af5b3f5b3a,301,false,false,true
https://www.shalomworship.com/song/mere-virudh-uthne-wali-68bdc53a850ece7960d28280,https://www.shalomworship.com/song/mere-virudh-uthne-wali-filadelfia-music-68bdc53a850ece7960d28280,301,false,false,true
https://www.shalomworship.com/song/stuti-ke-yogya-68c06f84e2b13eca6e512ee6,https://www.shalomworship.com/song/stuti-ke-yogya-jaago-music-68c06f84e2b13eca6e512ee6,301,false,false,true
https://www.shalomworship.com/song/mercy-68ceee43e4eb1228ea33244d,https://www.shalomworship.com/song/mercy-elevation-worship-68ceee43e4eb1228ea33244d,301,false,false,true
https://www.shalomworship.com/song/flowers-68d1a66c351f902cbbb36e1a,https://www.shalomworship.com/song/flowers-phil-wickham-68d1a66c351f902cbbb36e1a,301,false,false,true
https://www.shalomworship.com/song/wajood-68dace47bd814968aeec8b29,https://www.shalomworship.com/song/wajood-ranjit-jacob-abraham-68dace47bd814968aeec8b29,301,false,false,true
https://www.shalomworship.com/song/bedaar-peedhi-68e0e2f09646c56296459d1b,https://www.shalomworship.com/song/bedaar-peedhi-gather25-68e0e2f09646c56296459d1b,301,false,false,true
https://www.shalomworship.com/song/hallelujah-hosanna-68e16016687811d46e04dc36,https://www.shalomworship.com/song/hallelujah-hosanna-one-tribe-production-68e16016687811d46e04dc36,301,false,false,true
https://www.shalomworship.com/song/zikr-68ea98d173498a2648cfa788,https://www.shalomworship.com/song/zikr-glorify-christ-68ea98d173498a2648cfa788,301,false,false,true
https://www.shalomworship.com/song/jesus-be-the-name-68f280ec4a352041deb67103,https://www.shalomworship.com/song/jesus-be-the-name-elevation-worship-68f280ec4a352041deb67103,301,false,false,true
https://www.shalomworship.com/song/yeshu-naam-mila-68f795053f2099a2a713cf2d,https://www.shalomworship.com/song/yeshu-naam-mila-folj-or-ankit-sajwan-ministries-68f795053f2099a2a713cf2d,301,false,false,true
https://www.shalomworship.com/song/so-so-good-68f7a0382ae26912100bf480,https://www.shalomworship.com/song/so-so-good-phil-wickham-68f7a0382ae26912100bf480,301,false,false,true
https://www.shalomworship.com/song/fear-has-no-power-68f897c391f4a19077119927,https://www.shalomworship.com/song/fear-has-no-power-phil-wickham-68f897c391f4a19077119927,301,false,false,true
https://www.shalomworship.com/song/song-of-the-saints-68f89ede80f89343873cf3e5,https://www.shalomworship.com/song/song-of-the-saints-phil-wickham-68f89ede80f89343873cf3e5,301,false,false,true
https://www.shalomworship.com/song/haan-hai-yakeen-68ff1463d8036d78dba95110,https://www.shalomworship.com/song/haan-hai-yakeen-nations-of-worship-68ff1463d8036d78dba95110,301,false,false,true
https://www.shalomworship.com/song/panah-68ff9f5ad8036d78dba951eb,https://www.shalomworship.com/song/panah-nations-of-worship-68ff9f5ad8036d78dba951eb,301,false,false,true
https://www.shalomworship.com/song/aag-mein-ek-aur-69005d1abf7bbbd763ea4191,https://www.shalomworship.com/song/aag-mein-ek-aur-nations-of-worship-69005d1abf7bbbd763ea4191,301,false,false,true
https://www.shalomworship.com/song/known-by-you-6900d5f6bf7bbbd763ea42ac,https://www.shalomworship.com/song/known-by-you-gateway-worship-6900d5f6bf7bbbd763ea42ac,301,false,false,true
https://www.shalomworship.com/song/greatly-to-be-praised-6900d816bf7bbbd763ea42df,https://www.shalomworship.com/song/greatly-to-be-praised-gateway-worship-6900d816bf7bbbd763ea42df,301,false,false,true
https://www.shalomworship.com/song/i-know-a-name-6901a6390b9f56d8258f08d0,https://www.shalomworship.com/song/i-know-a-name-elevation-worship-6901a6390b9f56d8258f08d0,301,false,false,true
https://www.shalomworship.com/song/smaran-69022e410b9f56d8258f0a27,https://www.shalomworship.com/song/smaran-jaago-music-69022e410b9f56d8258f0a27,301,false,false,true
https://www.shalomworship.com/song/chaahe-pahaad-6902f894122d7e175f7197f0,https://www.shalomworship.com/song/chaahe-pahaad-jaago-music-6902f894122d7e175f7197f0,301,false,false,true
https://www.shalomworship.com/song/ishwaron-ka-parmeshwar-69030e47122d7e175f719838,https://www.shalomworship.com/song/ishwaron-ka-parmeshwar-one-tribe-production-69030e47122d7e175f719838,301,false,false,true
https://www.shalomworship.com/song/meri-panaah-6903126b122d7e175f719854,https://www.shalomworship.com/song/meri-panaah-one-tribe-production-6903126b122d7e175f719854,301,false,false,true
https://www.shalomworship.com/song/shout-to-the-lord-69037959122d7e175f719894,https://www.shalomworship.com/song/shout-to-the-lord-gateway-worship-69037959122d7e175f719894,301,false,false,true
https://www.shalomworship.com/song/alfaz-hain-kam-690386a6122d7e175f7198d6,https://www.shalomworship.com/song/alfaz-hain-kam-glory-to-god-india-690386a6122d7e175f7198d6,301,false,false,true
https://www.shalomworship.com/song/aaradhana-teri-aaradhana-69039dce122d7e175f7198f2,https://www.shalomworship.com/song/aaradhana-teri-aaradhana-glory-to-god-india-69039dce122d7e175f7198f2,301,false,false,true
https://www.shalomworship.com/song/aye-paak-rooh-6903a534122d7e175f71990e,https://www.shalomworship.com/song/aye-paak-rooh-arif-bhatti-6903a534122d7e175f71990e,301,false,false,true
https://www.shalomworship.com/song/mera-tu-khuda-hai-6904f35c122d7e175f719a99,https://www.shalomworship.com/song/mera-tu-khuda-hai-glory-to-god-india-6904f35c122d7e175f719a99,301,false,false,true
https://www.shalomworship.com/song/ho-sitaish-690599d5122d7e175f719b5b,https://www.shalomworship.com/song/ho-sitaish-glory-to-god-india-690599d5122d7e175f719b5b,301,false,false,true
https://www.shalomworship.com/song/khuda-ka-karam-69059e05122d7e175f719ba3,https://www.shalomworship.com/song/khuda-ka-karam-glory-to-god-india-69059e05122d7e175f719ba3,301,false,false,true
https://www.shalomworship.com/song/sab-kuchh-mera-6905a031122d7e175f719bd9,https://www.shalomworship.com/song/sab-kuchh-mera-glory-to-god-india-6905a031122d7e175f719bd9,301,false,false,true
https://www.shalomworship.com/song/sarfaraz-6905a31d122d7e175f719c10,https://www.shalomworship.com/song/sarfaraz-glory-to-god-india-6905a31d122d7e175f719c10,301,false,false,true
https://www.shalomworship.com/song/khuda-ka-beta-hoon-6905a4dc122d7e175f719c2f,https://www.shalomworship.com/song/khuda-ka-beta-hoon-nations-of-worship-6905a4dc122d7e175f719c2f,301,false,false,true
https://www.shalomworship.com/song/ek-naam-6905f1ec122d7e175f719dc5,https://www.shalomworship.com/song/ek-naam-jaago-music-6905f1ec122d7e175f719dc5,301,false,false,true
https://www.shalomworship.com/song/shukar-yehowah-da-6909bc32de1e5b4c59ac6105,https://www.shalomworship.com/song/shukar-yehowah-da-arif-bhatti-6909bc32de1e5b4c59ac6105,301,false,false,true
https://www.shalomworship.com/song/hai-javeda-690cd3e4e29250ae32071a8d,https://www.shalomworship.com/song/hai-javeda-folj-or-ankit-sajwan-ministries-690cd3e4e29250ae32071a8d,301,false,false,true
https://www.shalomworship.com/song/nannu-neevu-maruvaka-690cec6ae29250ae32071b17,https://www.shalomworship.com/song/nannu-neevu-maruvaka-benny-joshua-ministries-690cec6ae29250ae32071b17,301,false,false,true
https://www.shalomworship.com/song/god-im-just-grateful-690d8ec4e29250ae32071b31,https://www.shalomworship.com/song/god-im-just-grateful-elevation-worship-690d8ec4e29250ae32071b31,301,false,false,true
https://www.shalomworship.com/song/mahima-ho-690f344915eb2cf8caa0b1a0,https://www.shalomworship.com/song/mahima-ho-jaago-music-690f344915eb2cf8caa0b1a0,301,false,false,true
https://www.shalomworship.com/song/humari-dua-6910c1a9c4c317979510471d,https://www.shalomworship.com/song/humari-dua-yeshua-ministries-6910c1a9c4c317979510471d,301,false,false,true
https://www.shalomworship.com/song/tu-mera-prabhu-691462e0a4e8e98cb568cd1f,https://www.shalomworship.com/song/tu-mera-prabhu-filadelfia-music-691462e0a4e8e98cb568cd1f,301,false,false,true
https://www.shalomworship.com/song/badhta-6914cd3ea4e8e98cb568ce36,https://www.shalomworship.com/song/badhta-outcast-media-6914cd3ea4e8e98cb568ce36,301,false,false,true
https://www.shalomworship.com/song/aao-vishwasiyon-6915762da4e8e98cb568ce5e,https://www.shalomworship.com/song/aao-vishwasiyon-nations-of-worship-6915762da4e8e98cb568ce5e,301,false,false,true
https://www.shalomworship.com/song/aaya-hai-69171cf854a299951c55844a,https://www.shalomworship.com/song/aaya-hai-jaago-music-69171cf854a299951c55844a,301,false,false,true
https://www.shalomworship.com/song/tohfa-6919fe2054a299951c55846c,https://www.shalomworship.com/song/tohfa-matti-teji-6919fe2054a299951c55846c,301,false,false,true
https://www.shalomworship.com/song/dhanyawad-691a178154a299951c5584c7,https://www.shalomworship.com/song/dhanyawad-friends-of-god-ministries-691a178154a299951c5584c7,301,false,false,true
https://www.shalomworship.com/song/kuch-pal-691ab83e54a299951c5584fd,https://www.shalomworship.com/song/kuch-pal-friends-of-god-ministries-691ab83e54a299951c5584fd,301,false,false,true
https://www.shalomworship.com/song/kiya-mera-abhishek-691abb1d54a299951c558513,https://www.shalomworship.com/song/kiya-mera-abhishek-friends-of-god-ministries-691abb1d54a299951c558513,301,false,false,true
https://www.shalomworship.com/song/sath-tere-691cac868dd2431928c4bf49,https://www.shalomworship.com/song/sath-tere-friends-of-god-ministries-691cac868dd2431928c4bf49,301,false,false,true
https://www.shalomworship.com/song/o-come-to-the-altar-691f5fd0729e92c74bbff652,https://www.shalomworship.com/song/o-come-to-the-altar-elevation-worship-691f5fd0729e92c74bbff652,301,false,false,true
https://www.shalomworship.com/song/crowns-down-691f6137729e92c74bbff678,https://www.shalomworship.com/song/crowns-down-gateway-worship-691f6137729e92c74bbff678,301,false,false,true
https://www.shalomworship.com/song/behold-691f6511729e92c74bbff6d9,https://www.shalomworship.com/song/behold-phil-wickham-691f6511729e92c74bbff6d9,301,false,false,true
https://www.shalomworship.com/song/manger-throne-691fcca1729e92c74bbff6f9,https://www.shalomworship.com/song/manger-throne-phil-wickham-691fcca1729e92c74bbff6f9,301,false,false,true
https://www.shalomworship.com/song/tu-hi-meri-chaahat-692005a1729e92c74bbff716,https://www.shalomworship.com/song/tu-hi-meri-chaahat-jaago-music-692005a1729e92c74bbff716,301,false,false,true
https://www.shalomworship.com/song/jeet-692007a4729e92c74bbff74c,https://www.shalomworship.com/song/jeet-jaago-music-692007a4729e92c74bbff74c,301,false,false,true
https://www.shalomworship.com/song/jaago-christmas-mashup-2-0-6920a5863b54b3e8564f7290,https://www.shalomworship.com/song/jaago-christmas-mashup-20-jaago-music-6920a5863b54b3e8564f7290,301,false,false,true
https://www.shalomworship.com/song/sun-lo-mere-bhaiyon-jashan-manao-692490a13b54b3e8564f7306,https://www.shalomworship.com/song/sun-lo-mere-bhaiyon-jashan-manao-jaago-music-692490a13b54b3e8564f7306,301,false,false,true
https://www.shalomworship.com/song/swarg-ko-khol-de-6928920cae0959bd492f4733,https://www.shalomworship.com/song/swarg-ko-khol-de-jaago-music-6928920cae0959bd492f4733,301,false,false,true
https://www.shalomworship.com/song/psalm-8-halle-69299204ae0959bd492f47b8,https://www.shalomworship.com/song/psalm-8-halle-phil-wickham-69299204ae0959bd492f47b8,301,false,false,true
https://www.shalomworship.com/song/muhabat-ka-nishan-aya-6929cdf5ae0959bd492f4865,https://www.shalomworship.com/song/muhabat-ka-nishan-aya-arif-bhatti-6929cdf5ae0959bd492f4865,301,false,false,true
https://www.shalomworship.com/song/dharti-jhoome-692b2fc4d1d8b1ff4499a4e5,https://www.shalomworship.com/song/dharti-jhoome-jaago-music-692b2fc4d1d8b1ff4499a4e5,301,false,false,true
https://www.shalomworship.com/song/pehchaan-692b3190d1d8b1ff4499a501,https://www.shalomworship.com/song/pehchaan-glory-to-god-india-692b3190d1d8b1ff4499a501,301,false,false,true
https://www.shalomworship.com/song/jesus-lifted-me-692b4083d1d8b1ff4499a541,https://www.shalomworship.com/song/jesus-lifted-me-essential-worship-692b4083d1d8b1ff4499a541,301,false,false,true
https://www.shalomworship.com/song/aaradhana-mera-prem-geet-tu-693565b0da2773c8132bcca2,https://www.shalomworship.com/song/aaradhana-mera-prem-geet-tu-one-tribe-production-693565b0da2773c8132bcca2,301,false,false,true
https://www.shalomworship.com/song/god-is-not-against-me-69356f94e86477c98989e836,https://www.shalomworship.com/song/god-is-not-against-me-essential-worship-69356f94e86477c98989e836,301,false,false,true
https://www.shalomworship.com/song/yeshu-raja-6935a150e86477c98989e893,https://www.shalomworship.com/song/yeshu-raja-glorify-christ-6935a150e86477c98989e893,301,false,false,true
https://www.shalomworship.com/song/khushiyon-ki-barish-693c3870a161a3163197b992,https://www.shalomworship.com/song/khushiyon-ki-barish-filadelfia-music-693c3870a161a3163197b992,301,false,false,true
https://www.shalomworship.com/song/wait-on-you-693d99f7a161a3163197b9f7,https://www.shalomworship.com/song/wait-on-you-elevation-worship-693d99f7a161a3163197b9f7,301,false,false,true
https://www.shalomworship.com/song/christmas-ki-khushiyon-mein-693d9ed0a161a3163197ba2a,https://www.shalomworship.com/song/christmas-ki-khushiyon-mein-messiah-music-ministries-693d9ed0a161a3163197ba2a,301,false,false,true
https://www.shalomworship.com/song/hosanna-6940345fa161a3163197baf6,https://www.shalomworship.com/song/hosanna-folj-or-ankit-sajwan-ministries-6940345fa161a3163197baf6,301,false,false,true
https://www.shalomworship.com/song/chalo-chalo-69455f20f8c1f2899b591ed3,https://www.shalomworship.com/song/chalo-chalo-filadelfia-music-69455f20f8c1f2899b591ed3,301,false,false,true
https://www.shalomworship.com/song/mohobbat-hai-695bf525865b980f7f0e52ff,https://www.shalomworship.com/song/mohobbat-hai-amit-kamble-695bf525865b980f7f0e52ff,301,false,false,true
https://www.shalomworship.com/song/pukarte-hain-tujhe-695bfe18865b980f7f0e5319,https://www.shalomworship.com/song/pukarte-hain-tujhe-glory-to-god-india-695bfe18865b980f7f0e5319,301,false,false,true
https://www.shalomworship.com/song/masiha-aya-695c092d865b980f7f0e5376,https://www.shalomworship.com/song/masiha-aya-jaago-music-695c092d865b980f7f0e5376,301,false,false,true
https://www.shalomworship.com/song/mahan-6960cafde888f695f59e7ab6,https://www.shalomworship.com/song/mahan-yeshua-ministries-6960cafde888f695f59e7ab6,301,false,false,true
https://www.shalomworship.com/song/chalte-chalte-noor-mein-69629296863920d610284ace,https://www.shalomworship.com/song/chalte-chalte-noor-mein-filadelfia-music-69629296863920d610284ace,301,false,false,true
https://www.shalomworship.com/song/shor-duniya-mein-69629d0513c327810523bb45,https://www.shalomworship.com/song/shor-duniya-mein-jaago-music-69629d0513c327810523bb45,301,false,false,true
https://www.shalomworship.com/song/jhoomo-naacho-6962a1b413c327810523bb5b,https://www.shalomworship.com/song/jhoomo-naacho-jaago-music-6962a1b413c327810523bb5b,301,false,false,true
https://www.shalomworship.com/song/abba-pita-medley-6963d65b17162f1f46af5cf4,https://www.shalomworship.com/song/abba-pita-medley-sheldon-bangera-6963d65b17162f1f46af5cf4,301,false,false,true
https://www.shalomworship.com/song/resurrecting-69654a8125db87b61f35ceb4,https://www.shalomworship.com/song/resurrecting-elevation-worship-69654a8125db87b61f35ceb4,301,false,false,true
https://www.shalomworship.com/song/at-the-cross-love-ran-red-696649f025db87b61f35cfb6,https://www.shalomworship.com/song/at-the-cross-love-ran-red-chris-tomlin-696649f025db87b61f35cfb6,301,false,false,true
https://www.shalomworship.com/song/what-an-awesome-god-696672cb25db87b61f35d04a,https://www.shalomworship.com/song/what-an-awesome-god-phil-wickham-696672cb25db87b61f35d04a,301,false,false,true
https://www.shalomworship.com/song/prem-ki-unchai-6967498025db87b61f35d15e,https://www.shalomworship.com/song/prem-ki-unchai-filadelfia-music-6967498025db87b61f35d15e,301,false,false,true
https://www.shalomworship.com/song/mere-aane-jaane-mein-6967709225db87b61f35d257,https://www.shalomworship.com/song/mere-aane-jaane-mein-filadelfia-music-6967709225db87b61f35d257,301,false,false,true
https://www.shalomworship.com/song/aatma-ki-hawa-6967723925db87b61f35d282,https://www.shalomworship.com/song/aatma-ki-hawa-filadelfia-music-6967723925db87b61f35d282,301,false,false,true
https://www.shalomworship.com/song/mera-bharosa-6967d0bee518a03c9e1cd81e,https://www.shalomworship.com/song/mera-bharosa-filadelfia-music-6967d0bee518a03c9e1cd81e,301,false,false,true
https://www.shalomworship.com/song/chillakar-gaoonga-696878a3e518a03c9e1cd9e0,https://www.shalomworship.com/song/chillakar-gaoonga-jaago-music-696878a3e518a03c9e1cd9e0,301,false,false,true
https://www.shalomworship.com/song/yeshu-naam-6969df5c9ff232478dd49e56,https://www.shalomworship.com/song/yeshu-naam-yeshua-ministries-6969df5c9ff232478dd49e56,301,false,false,true
https://www.shalomworship.com/song/shukr-ada-6969fc439ff232478dd49ee1,https://www.shalomworship.com/song/shukr-ada-folj-or-ankit-sajwan-ministries-6969fc439ff232478dd49ee1,301,false,false,true
https://www.shalomworship.com/song/azaad-hoon-696a0e569ff232478dd49f4a,https://www.shalomworship.com/song/azaad-hoon-jaago-music-696a0e569ff232478dd49f4a,301,false,false,true
https://www.shalomworship.com/song/tore-siwa-696a14159ff232478dd49f8a,https://www.shalomworship.com/song/tore-siwa-folj-or-ankit-sajwan-ministries-696a14159ff232478dd49f8a,301,false,false,true
https://www.shalomworship.com/song/stuti-stuti-aradhana-696a81ea9ff232478dd4a0a4,https://www.shalomworship.com/song/stuti-stuti-aradhana-way-to-paradise-696a81ea9ff232478dd4a0a4,301,false,false,true
https://www.shalomworship.com/song/kuch-naya-696fadc78bca8ea653a06ea6,https://www.shalomworship.com/song/kuch-naya-nations-of-worship-696fadc78bca8ea653a06ea6,301,false,false,true
https://www.shalomworship.com/song/always-696fc0e38bca8ea653a06f74,https://www.shalomworship.com/song/always-gateway-worship-696fc0e38bca8ea653a06f74,301,false,false,true
https://www.shalomworship.com/song/i-need-you-6972359c8bca8ea653a070aa,https://www.shalomworship.com/song/i-need-you-gateway-worship-6972359c8bca8ea653a070aa,301,false,false,true
https://www.shalomworship.com/song/battle-belongs-697238518bca8ea653a070f2,https://www.shalomworship.com/song/battle-belongs-phil-wickham-697238518bca8ea653a070f2,301,false,false,true
https://www.shalomworship.com/song/koi-shaq-nahi-6973a81c8bca8ea653a071b0,https://www.shalomworship.com/song/koi-shaq-nahi-sheldon-bangera-6973a81c8bca8ea653a071b0,301,false,false,true
https://www.shalomworship.com/song/so-be-it-6973aebe8bca8ea653a07218,https://www.shalomworship.com/song/so-be-it-elevation-worship-6973aebe8bca8ea653a07218,301,false,false,true
https://www.shalomworship.com/song/it-really-is-amazing-grace-6973c32b8bca8ea653a0724d,https://www.shalomworship.com/song/it-really-is-amazing-grace-phil-wickham-6973c32b8bca8ea653a0724d,301,false,false,true
https://www.shalomworship.com/song/gratitude-shukr-guzar-6974ffb28bca8ea653a07318,https://www.shalomworship.com/song/gratitude-shukr-guzar-jaago-music-6974ffb28bca8ea653a07318,301,false,false,true
https://www.shalomworship.com/song/humdard-6975f926cfa56b32335239f0,https://www.shalomworship.com/song/humdard-jaago-music-6975f926cfa56b32335239f0,301,false,false,true
https://www.shalomworship.com/song/meri-nigah-697616d1cfa56b3233523a9b,https://www.shalomworship.com/song/meri-nigah-jaago-music-697616d1cfa56b3233523a9b,301,false,false,true
https://www.shalomworship.com/song/changa-69762356cfa56b3233523ada,https://www.shalomworship.com/song/changa-jaago-music-69762356cfa56b3233523ada,301,false,false,true
https://www.shalomworship.com/song/emmanuel-ke-lahu-se-6976420bcfa56b3233523b11,https://www.shalomworship.com/song/emmanuel-ke-lahu-se-filadelfia-music-6976420bcfa56b3233523b11,301,false,false,true
https://www.shalomworship.com/song/o-rehnuma-sun-le-dua-6977346fe6585322069e071b,https://www.shalomworship.com/song/o-rehnuma-sun-le-dua-glory-to-god-india-6977346fe6585322069e071b,301,false,false,true
https://www.shalomworship.com/song/tu-mera-sharan-sthaan-697b1aedefda256a9731830a,https://www.shalomworship.com/song/tu-mera-sharan-sthaan-amit-kamble-697b1aedefda256a9731830a,301,false,false,true
https://www.shalomworship.com/song/vagdanamu-697cb2e7efda256a97318420,https://www.shalomworship.com/song/vagdanamu-bridge-music-697cb2e7efda256a97318420,301,false,false,true
https://www.shalomworship.com/song/god-you-reign-697cea80efda256a97318545,https://www.shalomworship.com/song/god-you-reign-sheldon-bangera-697cea80efda256a97318545,301,false,false,true
https://www.shalomworship.com/song/mahima-mile-697ced80efda256a9731856d,https://www.shalomworship.com/song/mahima-mile-friends-of-god-ministries-697ced80efda256a9731856d,301,false,false,true
https://www.shalomworship.com/song/deep-jale-ankit-sajwan-ministries-698620b6439ca22d63468422,https://www.shalomworship.com/song/deep-jale-folj-or-ankit-sajwan-ministries-698620b6439ca22d63468422,301,false,false,true
https://www.shalomworship.com/song/dil-ki-gehraai-698625a9439ca22d6346844d,https://www.shalomworship.com/song/dil-ki-gehraai-bridge-music-698625a9439ca22d6346844d,301,false,false,true
https://www.shalomworship.com/song/yeshu-gharana-692895dcae0959bd492f4777,https://www.shalomworship.com/song/yeshu-gharana-nations-of-worship-692895dcae0959bd492f4777,301,false,false,true
https://www.shalomworship.com/song/stuti-stuti-aradhana-696a78d99ff232478dd4a05a,https://www.shalomworship.com/song/stuti-stuti-aaraadhanai-way-to-paradise-696a78d99ff232478dd4a05a,301,false,false,true
https://www.shalomworship.com/song/stuti-stuti-aradhana-696a84b39ff232478dd4a0da,https://www.shalomworship.com/song/stuti-stuti-aaradhane-way-to-paradise-696a84b39ff232478dd4a0da,301,false,false,true
https://www.shalomworship.com/song/avarnit-6969d0c59ff232478dd49db5,https://www.shalomworship.com/song/avarnit-mark-tribhuvan-6969d0c59ff232478dd49db5,301,false,false,true
https://www.shalomworship.com/song/abhishek-691b37c854a299951c55856f,https://www.shalomworship.com/song/abhishek-mark-tribhuvan-691b37c854a299951c55856f,301,false,false,true
https://www.shalomworship.com/song/gin-gin-ke-6908fdb386b4a443349e8525,https://www.shalomworship.com/song/gin-gin-ke-mark-tribhuvan-6908fdb386b4a443349e8525,301,false,false,true
https://www.shalomworship.com/song/yeshu-tere-kareeb-6908f9d586b4a443349e8502,https://www.shalomworship.com/song/yeshu-tere-kareeb-mark-tribhuvan-6908f9d586b4a443349e8502,301,false,false,true
https://www.shalomworship.com/song/pankhon-taley-68792c739ea6d1f40ee57be8,https://www.shalomworship.com/song/pankhon-taley-glory-to-god-india-68792c739ea6d1f40ee57be8,301,false,false,true
https://www.shalomworship.com/song/banke-stuti-689f298fdebbb81d1d090892,https://www.shalomworship.com/song/banke-stuti-glory-to-god-india-689f298fdebbb81d1d090892,301,false,false,true
https://www.shalomworship.com/song/dil-se-aradhana-karun-main-689f1c52debbb81d1d09086e,https://www.shalomworship.com/song/dil-se-aradhana-karun-main-glory-to-god-india-689f1c52debbb81d1d09086e,301,false,false,true
https://www.shalomworship.com/song/rajaon-ke-raja-688f960aa2e11da22b7a62c2,https://www.shalomworship.com/song/rajaon-ke-raja-amit-kamble-688f960aa2e11da22b7a62c2,301,false,false,true
https://www.shalomworship.com/song/shukrguzar-68bdbc5d850ece7960d2824a,https://www.shalomworship.com/song/shukrguzar-anish-masih-68bdbc5d850ece7960d2824a,301,false,false,true
https://www.shalomworship.com/song/peedhi-se-peedhi-68bc6fa87de5fb2e51d1c505,https://www.shalomworship.com/song/peedhi-se-peedhi-anish-masih-68bc6fa87de5fb2e51d1c505,301,false,false,true
https://www.shalomworship.com/song/nadaniyan-6978eb84821c316b5d651b85,https://www.shalomworship.com/song/nadaniyan-edens-echo-6978eb84821c316b5d651b85,301,false,false,true
https://www.shalomworship.com/song/tujhko-uthaunga-69406d42be0601933f2c6dee,https://www.shalomworship.com/song/tujhko-uthaunga-edens-echo-69406d42be0601933f2c6dee,301,false,false,true
https://www.shalomworship.com/song/huzuri-693c1b2da161a3163197b973,https://www.shalomworship.com/song/huzuri-edens-echo-693c1b2da161a3163197b973,301,false,false,true
https://www.shalomworship.com/song/bejaan-68f1072a1869e9f2e5dbbebc,https://www.shalomworship.com/song/bejaan-edens-echo-68f1072a1869e9f2e5dbbebc,301,false,false,true
https://www.shalomworship.com/song/jaan-e-wafa-68f0fc961869e9f2e5dbbe6b,https://www.shalomworship.com/song/jaan-e-wafa-edens-echo-68f0fc961869e9f2e5dbbe6b,301,false,false,true
https://www.shalomworship.com/song/khoobsurat-68f06a141869e9f2e5dbbe0b,https://www.shalomworship.com/song/khoobsurat-edens-echo-68f06a141869e9f2e5dbbe0b,301,false,false,true
https://www.shalomworship.com/song/haasil-68f0046e0db50c6b8c70f83d,https://www.shalomworship.com/song/haasil-edens-echo-68f0046e0db50c6b8c70f83d,301,false,false,true
https://www.shalomworship.com/song/sukoon-68c1d4a8f158be376788551a,https://www.shalomworship.com/song/sukoon-edens-echo-68c1d4a8f158be376788551a,301,false,false,true
https://www.shalomworship.com/song/jai-jai-kar-68b5d8d85ef012a5bc447b78,https://www.shalomworship.com/song/jai-jai-kar-yeshua-ministries-68b5d8d85ef012a5bc447b78,301,false,false,true
https://www.shalomworship.com/song/bhajan-696fbb318bca8ea653a06f3d,https://www.shalomworship.com/song/bhajan-yeshua-ministries-696fbb318bca8ea653a06f3d,301,false,false,true
https://www.shalomworship.com/song/yeshu-ka-main-deewaana-hoon-6974fac68bca8ea653a072e9,https://www.shalomworship.com/song/deewaana-joseph-raj-allam-6974fac68bca8ea653a072e9,301,false,false,true